time,y
0,500.001
0.1,500.1
0.2,499.667
0.3,499.113
0.4,498.988
0.5,498.278
0.6,498.264
0.7,498.267
0.8,496.615
0.9,495.717
1,495.34
1.1,494.243
1.2,492.99
1.3,491.245
1.4,490.372
1.5,489.311
1.6,486.771
1.7,485.596
1.8,483.157
1.9,481.648
2,479.459
2.1,478.251
2.2,475.626
2.3,474.188
2.4,471.826
2.5,469.25
2.6,465.584
2.7,463.973
2.8,461.521
2.9,458.806
3,455.09
3.1,452.624
3.2,449.284
3.3,446.18
3.4,443.829
3.5,439.51
3.6,436.415
3.7,433.293
3.8,428.88
3.9,425.339
4,421.575
4.1,417.579
4.2,412.863
4.3,409.345
4.4,405.719
4.5,399.9
4.6,396.64
4.7,391.708
4.8,386.668
4.9,383.231